"area_id","area_name","product_id","product_name","pv"
"31","湖南","1","nikeshoes1","392"
"31","湖南","2","nikeshoes2","432"
"31","湖南","3","nikeshoes3","353"
"31","湖南","4","nikeshoes4","414"
"32","江西","1","nikeshoes1","402"
"32","江西","2","nikeshoes2","381"
"32","江西","3","nikeshoes3","388"
"32","江西","4","nikeshoes4","404"
"4","山西","1","nikeshoes1","400"
"4","山西","2","nikeshoes2","407"
"4","山西","3","nikeshoes3","383"
"4","山西","4","nikeshoes4","391"
"5","新疆","1","nikeshoes1","396"
"5","新疆","2","nikeshoes2","400"
"5","新疆","3","nikeshoes3","404"
"5","新疆","4","nikeshoes4","381"
"6","河南","1","nikeshoes1","364"
"6","河南","2","nikeshoes2","391"
"6","河南","3","nikeshoes3","359"
"6","河南","4","nikeshoes4","405"
"7","湖北","1","nikeshoes1","393"
"7","湖北","2","nikeshoes2","425"
"7","湖北","3","nikeshoes3","369"
"7","湖北","4","nikeshoes4","394"
"8","浙江","1","nikeshoes1","375"
"8","浙江","2","nikeshoes2","399"
"8","浙江","3","nikeshoes3","413"
"8","浙江","4","nikeshoes4","364"
"9","吉林","1","nikeshoes1","399"
"9","吉林","2","nikeshoes2","381"
"9","吉林","3","nikeshoes3","435"
"9","吉林","4","nikeshoes4","390"
"1","北京","1","nikeshoes1","395"
"1","北京","2","nikeshoes2","380"
"1","北京","3","nikeshoes3","405"
"1","北京","4","nikeshoes4","399"
"10","黑龙江","1","nikeshoes1","409"
"10","黑龙江","2","nikeshoes2","372"
"10","黑龙江","3","nikeshoes3","351"
"10","黑龙江","4","nikeshoes4","354"
"11","天津","1","nikeshoes1","385"
"11","天津","2","nikeshoes2","395"
"11","天津","3","nikeshoes3","400"
"11","天津","4","nikeshoes4","386"
"12","广西","1","nikeshoes1","370"
"12","广西","2","nikeshoes2","404"
"12","广西","3","nikeshoes3","418"
"12","广西","4","nikeshoes4","384"
"13","广东","1","nikeshoes1","389"
"13","广东","2","nikeshoes2","379"
"13","广东","3","nikeshoes3","359"
"13","广东","4","nikeshoes4","360"
"14","台湾","1","nikeshoes1","425"
"14","台湾","2","nikeshoes2","351"
"14","台湾","3","nikeshoes3","394"
"14","台湾","4","nikeshoes4","419"
"15","贵州","1","nikeshoes1","372"
"15","贵州","2","nikeshoes2","372"
"15","贵州","3","nikeshoes3","361"
"15","贵州","4","nikeshoes4","367"
"16","甘肃","1","nikeshoes1","406"
"16","甘肃","2","nikeshoes2","364"
"16","甘肃","3","nikeshoes3","415"
"16","甘肃","4","nikeshoes4","413"
"17","福建","1","nikeshoes1","401"
"17","福建","2","nikeshoes2","426"
"17","福建","3","nikeshoes3","423"
"17","福建","4","nikeshoes4","381"
"18","内蒙古","1","nikeshoes1","399"
"18","内蒙古","2","nikeshoes2","398"
"18","内蒙古","3","nikeshoes3","418"
"18","内蒙古","4","nikeshoes4","396"
"19","安徽","1","nikeshoes1","410"
"19","安徽","2","nikeshoes2","380"
"19","安徽","3","nikeshoes3","384"
"19","安徽","4","nikeshoes4","420"
"2","山东","1","nikeshoes1","417"
"2","山东","2","nikeshoes2","405"
"2","山东","3","nikeshoes3","382"
"2","山东","4","nikeshoes4","364"
"20","辽宁","1","nikeshoes1","410"
"20","辽宁","2","nikeshoes2","378"
"20","辽宁","3","nikeshoes3","408"
"20","辽宁","4","nikeshoes4","390"
"21","青海","1","nikeshoes1","374"
"21","青海","2","nikeshoes2","393"
"21","青海","3","nikeshoes3","385"
"21","青海","4","nikeshoes4","400"
"22","西藏","1","nikeshoes1","392"
"22","西藏","2","nikeshoes2","403"
"22","西藏","3","nikeshoes3","391"
"22","西藏","4","nikeshoes4","376"
"23","云南","1","nikeshoes1","394"
"23","云南","2","nikeshoes2","404"
"23","云南","3","nikeshoes3","357"
"23","云南","4","nikeshoes4","377"
"24","四川","1","nikeshoes1","363"
"24","四川","2","nikeshoes2","356"
"24","四川","3","nikeshoes3","349"
"24","四川","4","nikeshoes4","397"
"25","重庆","1","nikeshoes1","405"
"25","重庆","2","nikeshoes2","404"
"25","重庆","3","nikeshoes3","406"
"25","重庆","4","nikeshoes4","381"
"26","宁夏","1","nikeshoes1","387"
"26","宁夏","2","nikeshoes2","384"
"26","宁夏","3","nikeshoes3","405"
"26","宁夏","4","nikeshoes4","412"
"27","陕西","1","nikeshoes1","409"
"27","陕西","2","nikeshoes2","356"
"27","陕西","3","nikeshoes3","405"
"27","陕西","4","nikeshoes4","430"
"28","河北","1","nikeshoes1","408"
"28","河北","2","nikeshoes2","396"
"28","河北","3","nikeshoes3","389"
"28","河北","4","nikeshoes4","357"
"29","江苏","1","nikeshoes1","377"
"29","江苏","2","nikeshoes2","335"
"29","江苏","3","nikeshoes3","373"
"29","江苏","4","nikeshoes4","370"
"3","上海","1","nikeshoes1","394"
"3","上海","2","nikeshoes2","386"
"3","上海","3","nikeshoes3","343"
"3","上海","4","nikeshoes4","373"
"30","海南","1","nikeshoes1","391"
"30","海南","2","nikeshoes2","431"
"30","海南","3","nikeshoes3","377"
"30","海南","4","nikeshoes4","387"
